param_tag,fps,common_frames,scale
fps4,4.0,63,1.0
fps8,8.0,63,1.7102990725903793
fps16,16.0,63,1.0566692285279635
fps30,30.0,38,0.6750720363200187
