param_tag,fps,common_frames,scale
fps4,4.0,276,1.0
fps8,8.0,276,0.974599426262226
fps16,16.0,276,0.09203214892227227
fps30,30.0,276,0.043546729394165276
