param_tag,fps,common_frames,scale
fps4,4.0,44,1.0
fps8,8.0,44,3.347096612246516
fps16,16.0,39,0.8798078740734366
fps30,30.0,44,1.1495242819706286
